0.70046,0.25526,452,3.8783
0.24957,0.61576,131,3.2061
0.13779,0.5303,90,3.0333
0.42846,0.69746,209,3.5502
0.15028,0.58586,86,3.3023
0.035392,0.66536,26,3.5769
0.61814,0.29739,392,3.7985
0.45888,0.75911,219,3.9954
0.46609,0.46225,299,3.8963
0.1512,0.6887,89,3.8315
0.48511,0.53575,236,3.8475
0.59478,0.61818,267,4.3858
0.27829,0.59358,184,3.4185
0.27023,0.64292,183,3.9672
0.42419,0.33189,293,3.7782
0.05094,0.6268,39,3.2051
0.15325,0.57244,92,3.1196
0.015596,0.66791,10,2.8
0.08824,0.61735,69,3.9565
0.10432,0.62903,72,3.4167
0.11355,0.60967,84,2.7619
0.62982,0.61181,297,4.1515
0.38758,0.87597,182,4.1209
0.28539,0.45411,174,3.4483
0.41848,0.38019,293,3.4437
0.14009,0.69749,73,3.4521
0.10337,0.61074,57,3.1053
0.57147,0.7188,276,3.9312
0.17481,0.59939,114,2.6667
0.0774,0.75044,37,3.9459
0.33497,0.60452,154,3.6299
0.167,0.75939,81,3.7901
0.19514,0.61368,97,3.4536
0.013641,0.64731,7,2.7143
0.010736,0.65179,11,2.1818
0.015918,0.65012,13,2.1538
0.010463,0.66065,8,2.25
0.2002,0.56766,120,3.0083
0.16713,0.65714,87,3.2644
0.094974,0.65276,57,2.8947
0.066114,0.60055,37,3.0811
0.30566,0.64175,148,3.8041
0.080331,0.63865,40,3
0.17273,0.66958,79,3.3418
0.15963,0.76456,80,4.05
0.057394,0.68571,27,3.5556
0.28316,0.80222,133,3.6015
0.27001,0.76429,117,4.094
0.16299,0.62331,81,3.321
1,0.30039,583,4.3585
0.17774,0.64453,81,3.4568
0.19888,0.81771,91,3.7692
0.20414,0.63282,128,2.9531
0.21356,0.6134,104,3.2404
0.30376,0.59656,149,3.7047
0.76201,0.67209,394,4.0609
0.081089,0.69697,40,4
0.38136,0.75228,175,3.6457
0.16308,0.7678,83,4.0602
0.12772,0.74638,64,4.0156
0.11768,0.72879,59,3.8644
0.23216,0.60539,127,3.1417
0.15174,0.64077,82,3.0976
0.64478,0.71682,283,4.4452
0.23845,0.71105,115,3.5391
0.31037,0.64454,162,3.5494
0.18158,0.61131,103,3.0485
0.2734,0.59337,134,3.4179
0.65365,0.73083,321,3.8536
0.46925,0.74227,251,3.6614
0.45959,0.67776,220,3.7818
0.24879,0.68045,129,3.1938
0.26819,0.68194,128,3.4688
0.01367,0.66319,7,3
0.0097151,0.65374,5,3
0.12353,0.68479,54,3.4074
0.28936,0.63746,151,3.2781
0.049228,0.63835,33,2.4545
0.68571,0.6445,336,4.0446
0.1163,0.64801,68,2.7647
0.24693,0.74211,110,3.5545
0.53461,0.66133,261,3.7203
0.36186,0.7678,176,4.0625
0.032099,0.63583,18,3
0.1097,0.64955,58,3.0345
0.28793,0.80985,150,3.94
0.31443,0.69913,138,3.9058
0.41195,0.70952,213,3.5399
0.60353,0.84244,275,4.1382
0.17098,0.63982,95,3.0526
0.30247,0.71965,143,3.5874
0.22033,0.65148,104,3.6154
0.1828,0.55503,112,3.7232
0.2383,0.66002,137,3.0876
0.45601,0.61615,219,3.8128
0.61659,0.63402,295,4.0068
0.53202,0.77894,256,3.793
0.79958,0.72216,390,4.2897
0.37097,0.7789,172,3.7093
0.80094,0.32602,508,4.1555
0.14494,0.68308,73,3.2603
0.098193,0.68296,54,3.1296
0.017119,0.64297,15,1.8667
0.0037568,0.65236,5,1.4
0.094672,0.58521,74,2.5676
0.091335,0.55512,71,2.8873
0.063896,0.61007,42,3.5
0.095799,0.60592,65,3.0769
0.20677,0.54539,130,3.4308
0.044342,0.65808,31,2.5161
0.38313,0.33944,272,3.4853
0.022096,0.63654,20,2.45
0.016615,0.65937,9,4.1111
0.14725,0.70449,67,4.4478
0.032555,0.66484,15,3.7333
0.18511,0.64766,125,3.824
0.56413,0.10019,378,3.6931
0.39195,0.28992,293,3.215
0.011701,0.66585,4,4.5
0.073991,0.58232,67,2.2388
0.61042,0.20545,429,3.4382
0.12247,0.54493,106,2.3396
0.17487,0.45932,115,3.2348
0.30782,0.5697,187,4.0535
0.36776,0.2865,244,3.5574
0.13229,0.49513,97,3.8041
0.71127,0.51162,413,4.2833
0.13873,0.60522,65,3.5385
0.20735,0.53449,129,3.8217
0.025107,0.65613,23,2.2609
0.20869,0.8506,95,3.7263
0.54764,0.88852,246,4.0772
0.36116,0.89719,171,3.8713
0.44782,0.97598,198,4.2929
0.54528,0.94524,259,3.9691
0.24289,0.87273,105,4.1238
0.27686,0.64795,171,3.9006
0.023836,0.64175,19,2.5789
0.090703,0.6693,50,2.78
0.10978,0.6447,61,3.2131
0.16688,0.75501,72,3.5
0.10479,0.68066,57,3.0702
0.46218,0.76215,222,3.7658
0.50916,0.61147,243,3.8724
0.088571,0.63828,65,2.4462
0.0076227,0.64317,10,2.5
0.27409,0.33835,185,3.4703
0.17398,0.45045,128,3.2031
0.030734,0.64982,23,3
0.25382,0.47068,157,3.828
0.52219,0.44873,326,3.6319
0.17684,0.807,82,3.6341
0.50024,0.82619,247,3.7854
0.36049,0.79191,174,3.7471
0.17208,0.63875,98,3.102
0.32485,0.64419,148,3.9865
0.28378,0.71545,127,3.6929
0.093241,0.62793,60,2.6167
0.18901,0.60575,101,3.2277
0.14872,0.71258,69,3.4638
0.43507,0.63915,220,3.4818
0.21299,0.79624,106,3.5566
0.18952,0.7814,92,3.5543
0.29701,0.63248,151,3.5894
0.11461,0.76075,64,4.1094
0.11237,0.76682,58,4.1207
0.11804,0.67904,67,2.9552
0.66595,0.82723,316,4.0665
0.26947,0.73282,118,4.4661
0.25314,0.8702,121,4.1736
0.13036,0.70879,65,3.8769
0.77064,0.71823,367,4.2044
0.68064,0.72588,324,4.1728
0.87118,0.76704,420,4.2524
0.41828,0.89733,208,3.8173
0.5928,0.71926,284,3.9472
0.29453,0.7883,137,3.8613
0.28826,0.86043,125,4.344
0.45965,0.8747,221,3.9095
0.47708,0.89159,221,4.0452
0.83122,0.30904,507,4.0079
0.48064,0.76741,226,3.9513
0.61253,0.78053,291,4.0344
0.22186,0.6036,116,3.431
0.49878,0.89692,239,4.1004
0.52202,0.83093,251,3.8367
0.45411,0.85402,209,4.1866
0.36765,0.74837,170,3.6824
0.13961,0.70649,66,4.1061
0.27214,0.84591,124,4.1371
0.59474,0.90823,276,4.163
0.25683,0.82095,116,4.1207
0.35534,0.81275,157,3.9172
0.49873,0.92905,241,4.0581
0.63244,0.72298,301,3.9336
0.54161,0.77414,251,3.9163
0.49391,0.98338,239,4.1046
0.27107,0.76929,127,4.0079
0.37611,0.93107,165,4.1758
0.42626,0.71627,206,3.8252
0.16307,0.63256,89,3.5169
0.56091,0.72592,280,3.7643
0.41449,0.7568,182,3.8681
0.6925,0.75273,350,3.8343
0.28868,0.89448,136,3.9926
0.10291,0.66469,50,3.38
0.13324,0.7542,66,3.8182
0.43928,0.88951,200,3.945
0.41396,0.85274,191,3.9058
0.66246,0.70034,331,3.9305
0.43961,0.93426,206,3.9126
0.16395,0.79501,92,3.4565
0.25486,0.83612,134,3.9851
0.22032,0.73608,114,3.3509
0.44146,0.74856,212,3.6981
0.5939,0.78608,290,3.9103
0.21687,0.64375,120,3.1583
0.33125,0.64087,171,3.4561
0.19279,0.638,111,3.1712
0.082375,0.56548,66,3.3636
0.11778,0.66459,74,3.7297
0.55092,0.30243,365,3.6603
0.31416,0.6791,136,4.1985
0.067402,0.66795,44,3.7045
0.13761,0.55277,109,2.9083
0.32134,0.61747,166,3.3554
0.3032,0.63409,161,3.2795
0.5117,0.7117,244,3.8156
0.31072,0.6716,171,3.1111
0.38827,0.66734,199,3.4472
0.22416,0.62711,142,2.6831
0.20199,0.62307,101,3.2079
0.23541,0.60733,124,3.2903
0.55092,0.76038,280,3.775
0.29218,0.47637,217,2.8479
0.073632,0.60112,45,3.6222
0.54197,0.17801,384,3.7109
0.52948,0.84493,256,3.875
0.30998,0.65608,150,3.5133
0.20192,0.48588,156,2.7885
0.26936,0.68189,128,3.5469
0.11286,0.56137,117,3.9915
0.084597,0.51843,132,2.4394
0.053814,0.5826,48,3.1667
0.20082,0.26402,240,3.1083
0.18786,0.445,124,3.9355
0.0035663,0.65041,5,1.8
0.26776,0.42728,160,3.675
0.18801,0.45764,130,3.2462
0.29908,0.35573,197,3.4772
0.077029,0.61305,46,4.2609
0.20672,0.43778,158,2.943
0.031476,0.62213,26,3.6923
0.073251,0.61065,62,2.4516
0.20508,0.37155,172,3.3605
0.022224,0.64979,16,3.5625
0.43734,0.23544,303,3.7459
0.58374,0,509,3.8035
0.11863,0.50571,162,2.6852
0.10922,0.48968,127,2.5748
0.025856,0.61596,43,2.5581
0.078185,0.5712,66,3.7121
0.0099161,0.63828,19,2.1579
0.085881,0.53993,101,2.7426
0.48428,0.68897,227,3.8634
0.026874,0.61675,35,2.7143
0.015274,0.6402,9,3.4444
0.29519,0.35105,255,3.7922
0.335,0.40472,315,3.927
0.13958,0.4778,136,3.5956
0.21723,0.38887,211,3.2322
0.25132,0.37697,198,4.2626
0.33163,0.34752,223,3.5695
0.27743,0.4705,190,3.5
0.39315,0.55199,268,4.0112
0.40804,0.36347,298,3.698
0.1122,0.60237,71,3.4648
0.077653,0.53832,60,3.2333
0.038134,0.63912,28,3.2857
0.10861,0.51608,85,3.1882
0.20687,0.45686,146,3.1438
0.35373,0.24403,232,3.6853
0.2529,0.55904,177,3.7175
0.27476,0.41841,193,3.1606
0.2463,0.62775,162,4.2654
0.47551,0.29644,481,3.657
0.10974,0.56841,78,3.5897
0.47664,0.022196,478,3.4414
0.20438,0.40897,259,2.9807
0.14695,0.57772,96,3.1146
0.19025,0.43719,127,3.3701
0.09459,0.49601,114,3.6667
0.22584,0.39483,147,3.8027
0.45108,0.081945,485,3.1567
0.099107,0.47157,77,3.4026
0.003268,0.64599,6,3.3333
0.079627,0.60916,50,3.96
0.28681,0.28066,194,3.768
0.051479,0.54297,73,2.9315
0.3949,0.029561,431,3.6311
0.19914,0.3717,230,3.3043
0.34814,0.32725,297,4.1616
0.12504,0.54338,134,3.6866
0.12988,0.48174,149,3.5369
0.077752,0.56114,87,3.6437
0.087801,0.59541,96,3.9479
0.16688,0.335,188,3.516
0.015532,0.62194,30,2.9667
0.023838,0.64646,28,2.8571
0.13251,0.4526,145,3.6
0.06947,0.59675,75,3.68
0.066493,0.54919,80,3.1625
0.42405,0.12107,350,4.2457
0.0018585,0.65464,5,1
0.19557,0.42264,160,4.1
0.16081,0.50132,112,4.1964
0.2297,0.72504,102,3.9118
0.64451,0.7622,298,4.4664
0.15154,0.55667,168,3.2738
0.037156,0.66243,20,4.05
0.13734,0.50859,169,3.1302
0.18299,0.35936,218,3.0872
0.18273,0.29151,240,2.9333
0.10895,0.52176,125,3.136
0.086789,0.51633,128,2.5469
0.14541,0.35373,175,3.36
0.14117,0.42082,175,3.3771
0.275,0.19445,295,3.4237
0.034112,0.56445,45,3.3333
0.03438,0.58313,41,3.0244
0.097598,0.4386,113,3.5398
0.11119,0.38159,143,3.4615
0.24502,0.20471,251,3.5936
0.062497,0.56409,64,3.3594
0.012198,0.62378,21,2.7619
0.030513,0.60119,43,2.6279
0.014754,0.65217,18,3
0.074292,0.56408,91,2.6593
0.037901,0.58007,47,3.2553
0.17309,0.45857,189,3.5873
0.0093242,0.64877,11,3.0909
0.046951,0.56086,52,2.9231
0.11808,0.47808,124,3.0968
0.040809,0.5844,55,3.6545
0.071342,0.61603,65,3.4
0.1368,0.49646,126,3.6429
0.14341,0.50615,137,3.5109
0.024353,0.60241,27,3.2963
0.019186,0.60794,31,2.9032
0.029246,0.58062,41,3.1463
0.013511,0.62443,20,2.7
0.014873,0.62705,26,2.1154
0.012295,0.63545,14,2.4286
0.089385,0.53624,72,3.4861
0.036401,0.58193,41,2.9268
0.20054,0.62036,97,3.3814
0.57378,0.90322,264,4.2917
0.11065,0.47025,143,2.6154
0.006845,0.62744,18,3.5
0.0052928,0.64034,10,3.2
0.0022592,0.63955,10,3.5
0.024903,0.62286,28,2.8214
0.06652,0.57915,47,2.7234
0.054786,0.62202,37,2.6757
0.089188,0.6253,48,3.2083
0.10195,0.61631,47,3.3404
0.34217,0.68724,170,3.4588
0.02964,0.62598,31,1.9032
0.062613,0.57605,55,2.6364
0.043123,0.58896,39,2.8205
0.12047,0.71278,67,3.1642
0.066893,0.67234,34,3.5294
0.069185,0.62572,39,2.8974
0.013719,0.64254,11,2.2727
0.024685,0.65079,23,1.9565
0.036754,0.64727,24,2.8333
0.015033,0.64786,13,2.1538
0.21579,0.75332,101,3.7228
0.065819,0.6169,43,2.9767
0.23032,0.67365,116,3.3362
0.17799,0.73076,100,3.55
0.20152,0.75444,111,3.5946
0.034299,0.64921,31,2.0645
0.10999,0.64333,69,2.7826
0.42857,0.62859,208,3.5625
0.14906,0.66959,87,2.8161
0.13199,0.72485,65,3.3846
0.043395,0.65401,28,2.3929
0.058188,0.69004,27,3.4444
0.018633,0.65976,10,3.2
0.09604,0.64993,59,2.7458
0.14537,0.64505,68,3.5441
0.3707,0.66617,192,3.4115
0.024333,0.6367,12,3.3333
0.079646,0.62904,56,2.5893
0.093955,0.67838,54,2.8148
0.015555,0.65806,12,2.5833
0.029737,0.64442,26,2.0769
0.17525,0.66045,89,3.3034
0.026357,0.65086,18,2.7222
0.12835,0.66397,76,2.8026
0.32419,0.64412,170,3.4647
0.39245,0.64402,201,3.4279
0.2326,0.73793,101,3.6733
0.48431,0.24429,344,3.314
0.04965,0.58433,49,2.449
0.048119,0.60589,43,2.5116
0.22262,0.64827,112,4.4911
0.09927,0.54033,70,3.1429
0.22986,0.45586,162,3.1296
0.21868,0.45244,163,2.9141
0.10619,0.57918,93,2.3978
0.06496,0.59097,55,2.6364
0.13493,0.79312,62,3.5323
0.048699,0.6618,25,2.84
0.13774,0.72166,64,3.4844
0.13827,0.70828,73,3.0959
0.26485,0.69649,129,3.5814
0.37151,0.79459,178,3.7247
0.17796,0.68911,81,3.6667
0.20856,0.65103,106,3.5943
0.039258,0.65158,26,2.8462
0.61582,0.79705,300,3.8333
0.008959,0.64492,19,1.3158
0.19937,0.75693,85,3.7412
0.051667,0.62458,32,2.8438
0.46706,0.91242,219,4.2922
0.261,0.85573,121,3.8182
0.21243,0.82055,97,3.9381
0.21533,0.8693,93,4
0.3116,0.66981,153,3.5359
0.3607,0.82333,174,3.7701
0.35816,0.76134,171,3.6901
0.15057,0.79355,67,3.8358
0.42749,0.92998,216,3.9491
0.2042,0.72958,99,3.5354
0.002291,0.65605,5,1
0.0032601,0.65663,6,1.1667
0.002291,0.65605,5,1
0.010036,0.6587,14,1.6429
0.06924,0.65919,53,2.566
0.0024354,0.65727,4,1.25
0.34425,0.81957,162,3.8086
0.066529,0.67445,46,2.7174
0.04245,0.69021,22,3.5
0.010926,0.65856,9,2.4444
0.23764,0.7184,121,3.5041
0.16779,0.70872,85,3.3882
0.19906,0.6521,117,3.0342
0.082955,0.63564,63,2.3968
0.31955,0.69887,170,3.3471
0.094306,0.6284,66,2.6667
0.018192,0.64889,16,1.9375
0.025804,0.6527,16,2.875
0.2271,0.50175,145,3.2552
0.047192,0.57665,48,2.3125
0.012918,0.63365,27,1.7407
0.11096,0.55823,90,3.1222
0.033796,0.64655,24,3.75
0.037393,0.60561,28,3
0.16289,0.74397,74,3.6216
0.27875,0.79921,148,3.8041
0.15047,0.74344,71,3.8592
0.058655,0.70606,27,3.5926
0.17463,0.68115,85,3.5647
0.11138,0.70412,52,3.5962
0.11225,0.70406,48,3.7917
0.13103,0.64533,64,3.3125
0.15319,0.70039,67,3.7761
0.24667,0.63289,108,3.6667
0.33321,0.31171,221,3.6109
0.23695,0.47026,158,3.0823
0.19256,0.58341,126,3.127
0.43933,1,194,4.2526
0.3698,0.40788,250,3.884
0.19013,0.47843,160,3.0187
0.13365,0.55577,95,3.2105
0.22954,0.88961,104,4.1154
0.39516,0.92997,179,4.2514
0.39514,0.94918,179,4.2849
0.14417,0.82659,63,3.9365
0.27089,0.91225,128,3.9844
0.54813,0.99171,243,4.4568
0.3112,0.92695,138,4.2101
0.26168,0.86039,125,3.816
0.12472,0.77677,64,3.7969
0.13776,0.79032,68,4.1029
0.1533,0.86121,65,4.2
0.12819,0.83531,52,4.1154
0.11646,0.80446,50,4.02
0.15668,0.77742,67,3.791
0.13321,0.81666,59,3.8644
0.14023,0.84206,60,4.15
0.13071,0.82255,56,4
0.12572,0.78476,59,3.661
0.50918,0.90711,231,4.1212
0.15079,0.82751,68,3.8382
0.35373,0.9596,152,4.1842
0.14566,0.84028,62,3.9516
0.075172,0.67237,31,3.9032
0.25736,0.73274,123,3.4959
0.13424,0.77866,57,3.7018
0.094422,0.76251,39,3.641
0.26008,0.88776,122,3.8197
0.16436,0.83286,68,4
0.21685,0.83239,90,3.8556
0.19767,0.87165,98,3.8163
0.30234,0.41061,215,3.5953
0.24371,0.80566,121,3.8512
0.25414,0.82353,121,3.9421
0.37996,0.9398,173,4.2312
0.11348,0.76471,57,4
0.14967,0.84696,72,4.3333
0.33872,0.95698,180,3.9111
0.34627,0.69722,201,4.204
0.14599,0.80709,63,3.9683
0.1797,0.84601,91,3.7692
0.19076,0.7466,89,3.6517
0.17992,0.87378,80,4.1
0.27555,0.82218,124,4.1048
0.26076,0.87047,120,3.8333
0.067857,0.70237,35,3.7714
0.32897,0.90256,164,3.9939
0.091143,0.77147,46,4.0217
0.16468,0.83354,73,4.0274
0.26912,0.83225,124,3.8306
0.42337,0.85138,195,4.0205
0.26789,0.88046,121,4.1322
0.18731,0.82871,93,3.9785
0.1831,0.85782,80,4.025
0.25786,0.70063,129,3.9225
0.029782,0.62572,22,3.3182
0.026033,0.6646,15,3.6667
0.018481,0.62355,13,3.3077
0.065491,0.56367,54,3.1667
0.012032,0.65308,10,3.3
0.068643,0.67649,30,3.6333
0.053825,0.54898,66,3.4242
0.030132,0.61124,44,2.4773
0.065411,0.62737,43,2.5116
0.08317,0.6121,49,2.8776
0.078854,0.64777,51,2.5294
0.039135,0.6889,21,3.619
0.095895,0.53044,71,3.1549
0.014607,0.65238,12,1.8333
0.34291,0.33087,254,3.0315
0.048144,0.61848,41,3.3415
0.015142,0.66886,12,2.1667
0.21266,0.68075,92,3.5652
0.29155,0.60988,151,3.2848
0.028305,0.64705,24,2.4167
0.084101,0.60963,45,2.8667
0.10776,0.6371,63,3.2857
0.16326,0.60259,102,2.8039
0.014147,0.65881,10,2
0.020199,0.65534,12,2.5
0.028417,0.68198,17,3.1176
0.13756,0.71377,70,3.6714
0.25689,0.65748,137,3.1825
0.031601,0.64628,22,2.7273
0.10596,0.65949,59,3.0678
0.0967,0.62862,48,3.2083
0.035538,0.64847,29,2.4138
0.032585,0.63898,27,2.037
0.030664,0.66316,22,2.6818
0.36855,0.67012,179,3.5698
0.046273,0.64034,35,2.8
0.46811,0.60427,230,3.6478
0.10761,0.63149,67,2.7015
0.099212,0.68384,50,3.1
0.045994,0.64984,28,2.5
0.052932,0.62286,29,2.7586
0.050996,0.68414,33,2.9394
0.018913,0.65386,15,2.2
0.06444,0.64488,44,2.5455
0.17106,0.61641,93,3.0215
0.055104,0.64109,41,2.2195
0.17618,0.59932,92,3.1522
0.030816,0.66114,19,2.6316
0.061068,0.68378,32,3.375
0.11342,0.66541,59,3.2203
0.30835,0.79229,168,3.6012
0.073047,0.6654,37,3
0.15448,0.73201,79,3.5443
0.055901,0.64094,39,2.4872
0.055043,0.65063,34,2.6765
0.035901,0.6645,14,3.5714
0.41946,0.68314,202,3.7921
0.10017,0.73686,43,4.0233
0.017587,0.65073,18,2
0.27313,0.37414,178,3.6011
0.021413,0.66109,9,3.3333
0.020985,0.67373,12,3.1667
0.006715,0.66018,5,2.4
0.074287,0.50879,64,3.0938
0.18652,0.52556,127,3.378
0.27856,0.30727,206,3.1505
0.0062045,0.66028,4,2.25
0.0010315,0.65624,1,1
0.0050476,0.66451,2,3
0.056638,0.71981,20,4
0.11548,0.79487,50,3.7
0.45773,0.94554,209,4.3876
0.15847,0.85321,81,4.0123
0.062809,0.7347,31,3.3548
0.14763,0.84311,66,4.0455
0.14321,0.8095,66,3.9697
0.07754,0.75998,30,3.9333
0.13325,0.7396,60,3.5833
0.093889,0.78248,41,3.6585
0.090468,0.78524,40,4.1
0.07842,0.74855,34,3.9412
0.068144,0.75394,27,4.037
0.12248,0.79134,51,3.7451
0.12848,0.81706,59,4.0508
0.13314,0.7612,64,3.4219
0.037834,0.71677,18,3.7778
0.042682,0.72171,18,3.6111
0.094133,0.51101,64,3.1719
0.070334,0.5911,43,3.093
0.022516,0.67366,11,2.9091
0.083591,0.6923,39,3.359
0.063983,0.63157,39,2.9231
0.046293,0.67827,22,3.2727
0.15965,0.66199,82,3.3293
0.0086574,0.6677,4,3.25
0.1437,0.62421,75,3.2267
0.26106,0.40704,169,3.5148
0.15249,0.74165,77,3.3377
0.065871,0.72267,31,3.2903
0.24517,0.81028,119,3.6218
0.12784,0.76649,58,3.8966
0.16755,0.77457,69,4.058
0.053819,0.69179,24,3.75
0.031945,0.65726,23,2.7391
0.18397,0.67178,91,3.2418
0.066549,0.67979,38,3.0263
0.079792,0.74927,44,3.7727
0.079314,0.74803,40,3.7
0.13884,0.73603,82,3.0244
0.070937,0.76331,33,4.2121
0.19578,0.76522,89,3.4831
0.004746,0.6625,4,3
0.077569,0.73533,35,3.7714
0.058727,0.70303,27,3.8148
0.082799,0.7467,38,3.8684
0.1696,0.81916,70,4.1
0.1444,0.81686,67,4.0299
0.10871,0.73801,50,3.4
0.14743,0.7917,72,3.5417
0.38713,0.71712,171,4.076
0.18814,0.69831,90,3.8889
0.073203,0.73237,34,3.9118
0.32532,0.95355,147,4.1361
0.48681,0.77077,227,3.8811
0.084967,0.75851,44,4
0.28867,0.89066,131,4.2595
0.17186,0.62818,79,3.4177
0.24814,0.87975,115,4.0783
0.3219,0.76881,153,3.7647
0.19335,0.89644,88,4.1023
0.15464,0.73119,82,3.4268
0.25658,0.8948,116,3.9052
0.093527,0.75834,46,3.5435
0.15754,0.64162,100,2.83
0.0061972,0.66337,5,2.4
0.013834,0.66725,12,2.1667
0.0074078,0.66254,6,2.1667
0.010517,0.64647,13,1.6154
0.060461,0.68055,36,3
0.094949,0.76136,46,3.6087
0.084764,0.62392,65,2.7231
0.17533,0.74268,86,3.5233
0.078649,0.70155,48,2.8958
0.10753,0.78404,54,3.5556
0.098622,0.5778,77,3.3377
0.0029529,0.65936,1,3
0.1832,0.35836,219,2.8082
0.19727,0.68672,107,3.0467
0.024962,0.62102,34,2.5588
0.012592,0.61501,27,2.4444
0.063381,0.4859,100,3.06
0.032862,0.61473,49,2.4082
0.36398,0.65296,169,3.7929
0.23607,0.37649,157,3.3567
0.12379,0.64112,50,3.68
0.04112,0.57132,69,2.1884
0.015225,0.61195,44,1.8409
0.074652,0.49327,87,3.1494
0.11286,0.43389,155,3.4581
0.013201,0.62435,16,3.5
0.33313,0.6846,164,3.628
0.20593,0.66741,91,3.6484
0.079747,0.70177,44,4.0455
0.019374,0.66104,13,2.9231
0.1101,0.5389,79,3.1392
0.084285,0.6597,40,3.425
0.015381,0.65708,10,3
0.20568,0.72418,102,3.6765
0.029343,0.67558,15,2.6
0.020312,0.68392,10,4
0.096965,0.71279,53,3.0189
0.037192,0.68289,19,3.5789
0.042431,0.68459,24,3.0417
0.28891,0.8942,137,3.9927
0.0070632,0.65515,6,2.6667
0.13839,0.75569,70,3.9286
0.21044,0.78898,101,3.4752
0.23419,0.77664,104,4.0288
0.16145,0.65016,79,3.5696
0.0024995,0.65885,1,4
0.093313,0.70916,51,3.0784
0.1163,0.59375,72,3.6111
0.022239,0.67761,13,3.2308
0.18213,0.7136,87,3.2759
0.10318,0.65865,58,3.1552
0.091363,0.49909,82,2.8171
0.028244,0.64674,16,3.6875
0.042937,0.65488,29,2.4138
0.14343,0.61057,86,3.0233
0.10942,0.61808,54,3.4444
0.095521,0.61228,58,2.931
0.065461,0.6541,34,3.1471
0.14473,0.67163,76,3.4868
0.027451,0.64518,16,2.75
0.019596,0.65859,14,2.4286
0.1275,0.67188,63,3.4603
0.081141,0.62833,45,3.0222
0.1837,0.68113,81,3.4815
0.038043,0.68504,24,3.5
0.071127,0.63663,39,3.1538
0.3751,0.72374,180,3.65
0.02553,0.67498,15,3.2
0.038534,0.64425,27,2.5185
0.31412,0.7299,137,3.854
0.16275,0.76486,78,3.9359
0.10835,0.70148,59,2.9831
0.04753,0.64127,31,2.8387
0.30339,0.64632,164,3.3232
0.069438,0.60989,63,3.4762
0.085304,0.56929,58,3.4483
0.40152,0.18855,267,3.6442
0.039334,0.62523,39,1.9487
0.11385,0.55154,92,3.4565
0.034097,0.70592,16,3.875
0.26321,0.61689,119,3.6639
0.21482,0.68293,102,3.4608
0.28119,0.189,316,3.1234
0.040763,0.60254,51,3.1765
0.12919,0.47857,124,3.8548
0.19304,0.42597,180,3.4278
0.039862,0.58664,39,3.3077
0.038736,0.68328,24,3.7083
0.050468,0.56091,57,3.386
0.19059,0.62898,96,3.3125
0.15684,0.48419,128,2.8984
0.0070155,0.65674,4,2.75
0.017098,0.64169,21,1.7143
0.011433,0.64812,11,2.1818
0.050542,0.59134,46,2.6522
0.07784,0.61616,44,3.0455
0.1742,0.49973,115,3.3913
0.22213,0.39471,149,3.3893
0.036971,0.62194,29,2.7586
0.059577,0.62807,32,2.8125
0.01128,0.64729,9,3.1111
0.013498,0.65395,11,2.1818
0.093439,0.63628,52,3.0769
0.052118,0.60162,42,2.4524
0.12402,0.68751,57,3.386
0.062263,0.62264,41,2.6341
0.082103,0.6585,49,3.0612
0.024963,0.6426,17,2.9412
0.05225,0.6351,32,2.9375
0.045711,0.64332,26,2.7692
0.016635,0.65795,9,3.2222
0.0023685,0.65587,4,1.25
0.15098,0.68767,76,3.5526
0.046349,0.61492,31,2.5484
0.11847,0.61175,69,3
0.14785,0.61179,84,3.3333
0.018086,0.67321,10,2.6
0.064858,0.62213,37,2.7297
0.0014611,0.65613,2,1
0.070334,0.64785,39,3.1538
0.025924,0.66432,14,2.6429
0.024119,0.65796,13,3.2308
0.0015878,0.65558,3,1.6667
0.10627,0.65553,47,3.5745
0.11049,0.60598,66,2.9091
0.015674,0.65005,10,2.5
0.19207,0.78964,86,3.7209
0.022322,0.66339,10,3.5
0.096461,0.64263,46,3.6522
0.028828,0.63997,21,2.4286
0.068314,0.6465,36,3.0833
0.059942,0.63536,31,3.0968
0.012546,0.65042,9,2.2222
0.0096042,0.66378,5,3.2
0.042448,0.62772,26,2.8846
0.031302,0.64173,16,2.8125
0.066453,0.62544,40,2.7
0.017209,0.64831,9,2.5556
0.015163,0.65115,8,2.875
0.064892,0.70339,27,3.6296
0.099683,0.65664,50,3.46
0.019753,0.64941,9,2.7778
0.052906,0.61879,31,2.8387
0.077927,0.62569,43,2.907
0.077134,0.6441,45,2.8889
0.037687,0.70498,18,3.9444
0.033338,0.65098,18,3.1111
0.080043,0.61619,56,3.8929
0.0043615,0.6571,1,5
0.13962,0.45155,112,3.2321
0.024861,0.62818,21,2.4286
0.0035188,0.65122,3,2.6667
0.031378,0.63306,25,2.76
0.043706,0.57417,40,2.7
0.1251,0.54036,93,2.7742
0.039072,0.63514,22,3.0455
0.0095036,0.66463,4,3
0.11619,0.56778,82,2.878
0.074302,0.60414,49,2.7551
0.12201,0.52229,83,3.0361
0.10064,0.57735,80,2.575
0.065035,0.53593,57,2.7719
0.014486,0.64214,13,2.6923
0.035846,0.58299,34,2.6471
0.00092899,0.65516,1,1
0.10819,0.55825,91,2.4615
0.024105,0.6346,22,2.5455
0.074256,0.54846,49,3.2041
0.02802,0.62266,25,2.2
0.029785,0.71073,15,3.8667
0.059904,0.74155,26,3.7692
0.066515,0.73374,25,3.92
0.0054436,0.65354,4,2.75
0.004221,0.65135,4,2.5
0.064465,0.58408,53,2.6604
0.057638,0.58122,48,2.75
0.056992,0.69306,27,3.1481
0.057452,0.6786,30,3
0.063306,0.61549,42,3.3571
0.26567,0.46682,176,3.4659
0.052979,0.57747,44,3.0682
0.08853,0.66325,55,3.7273
0.021671,0.68333,9,3.5556
0.08662,0.62546,53,2.717
0.010408,0.66941,4,4
0.0079155,0.66377,4,3.75
0.00092899,0.65516,1,1
0.028515,0.64566,14,3.8571
0.025335,0.64783,16,3.375
0.11335,0.77238,66,3.7273
0.081607,0.70935,36,3.8333
0.0026453,0.65613,1,3
0.0016196,0.6554,3,1
0.01609,0.64134,15,2.6667
0.013467,0.65284,16,2.25
0.0046748,0.65833,3,2.3333
0.019161,0.64774,18,2.1111
0.042987,0.71664,24,3.9167
0.10578,0.50425,86,3.1628
0.039736,0.6773,21,3.4762
0.16359,0.46613,119,3.3193
0.015857,0.66172,6,4
0.0080454,0.66269,5,3.8
0.040089,0.63189,24,3
0.0097316,0.6327,9,2.7778
0.067778,0.55797,75,2.4
0.027776,0.58839,42,3.0952
0.056307,0.54065,81,2.963
0.025546,0.61928,39,3.2564
0.0433,0.58985,53,2.7358
0.031393,0.57076,47,2.7021
0.026951,0.58643,52,2.5385
0.019126,0.63423,33,2.5152
0.11488,0.42555,136,3.2721
0.037794,0.56546,59,3.1695
0.030449,0.57137,45,2.9333
0.023015,0.62961,34,3.2941
0.0083403,0.63484,13,3.2308
0.008232,0.6551,7,3.2857
0.0065406,0.63494,13,2.2308
0.041585,0.58428,53,3.0755
0.049978,0.57297,64,3.6094
0.011441,0.61776,15,3.4667
0.01518,0.65468,13,3.3846
0.034204,0.61624,43,1.9535
0.0013825,0.6494,6,2.6667
0.043666,0.58657,53,2.7547
0.0069471,0.63792,14,2.4286
0.0080051,0.63218,19,1.8947
0.09672,0.45786,106,3.217
0.049588,0.64015,44,3.7727
0.00096973,0.65304,2,1.5
0.041367,0.58827,58,3.2241
0.0084799,0.65124,9,3.4444
0.047869,0.64869,42,3.6905
0.0055562,0.64664,12,1.9167
0.043058,0.61087,42,3.8333
0.01373,0.64323,18,3.1111
0.021292,0.64831,20,3.45
0.025244,0.61255,27,3.2222
0.015396,0.63788,21,3.1905
0.0017464,0.65371,2,2
0.0055315,0.62672,20,2.5
0.012538,0.63669,13,3.7692
0.0035292,0.65373,4,2
0.0052088,0.65371,4,2.5
0.011465,0.64232,9,3
0.0030934,0.65574,2,2.5
0.010097,0.64828,11,2.7273
0.030333,0.64267,13,3.9231
0.027282,0.6297,18,3.1667
0.015376,0.64096,7,3.4286
0.013388,0.64146,8,3
0.16189,0.61648,96,3.7917
0.003506,0.65255,5,2.2
0.092672,0.72596,46,3.9783
0.057489,0.63603,34,3.8235
0.10191,0.75776,58,4.1552
0.12239,0.50396,85,3.4
0.052788,0.597,34,3.3235
0.11385,0.50215,101,2.703
0.0064729,0.6481,6,3.1667
0.14946,0.50476,104,3.1154
0.052899,0.61147,40,2.7
0.097764,0.53069,80,2.7
0.062884,0.59845,57,2.1579
0.049731,0.57546,40,2.925
0.01906,0.63411,21,2.4286
0.077238,0.55086,68,2.9265
0.0051101,0.64109,7,3.2857
0.046414,0.6164,32,3.9375
0.021771,0.59431,37,3.4054
0.010034,0.61062,25,2.88
0.12875,0.62972,60,3.6
0.042988,0.63028,32,2.3438
0.082598,0.62813,46,3.0652
0.10605,0.7005,45,3.4889
0.084452,0.63769,40,3.475
0.075821,0.64034,43,3
0.090024,0.75024,40,3.925
0.10558,0.63186,61,3.1475
0.025911,0.66029,17,3.2353
0.027674,0.60154,48,2.1667
0.12431,0.65532,71,3.338
0.039549,0.64041,30,2.9
0.074112,0.6719,39,2.8205
0.065359,0.63248,45,3.1778
0.04414,0.67775,22,3.3182
0.018968,0.68778,11,3.5455
0.091044,0.675,49,3.4082
0.098724,0.71445,46,3.6087
0.0028375,0.66029,2,2
0.021915,0.68345,14,3.7857
0.13835,0.65752,64,3.4688
0.042175,0.67407,25,3.24
0.06802,0.69664,34,3.6176
0.037658,0.69149,23,3.1304
0.10198,0.68654,41,4.2927
0.016135,0.6731,9,3.3333
0.049867,0.72931,21,3.6667
0.073827,0.67158,26,4.1923
0.027684,0.68753,12,3.1667
0.041846,0.70028,18,3.7222
0.16032,0.69583,75,3.8
0.011803,0.67493,8,3.25
0.060776,0.7165,34,3.6765
0.05937,0.68578,28,3.1786
0.0085777,0.66457,4,3.5
0.043003,0.596,32,3.0312
0.058748,0.5534,44,3.1591
0.0081328,0.64091,12,1.8333
0.061776,0.57229,49,2.6939
0.02928,0.60836,27,2.5185
0.048095,0.5792,35,3.2
0.040541,0.64104,22,3.1818
0.0059547,0.64643,8,1.75
0.025954,0.62072,20,2.8
0.013954,0.62756,15,2.4
0.039681,0.5806,44,2.8636
0.023503,0.6186,22,2.8636
0.024518,0.60608,23,2.5652
0.001218,0.64654,4,2.5
0.051441,0.55339,86,2.314
0.021557,0.61,32,2.8438
0.016231,0.62302,33,3.0909
0.014468,0.62718,25,2.24
0.0050847,0.64583,4,3
0.10002,0.54679,66,3.5152
0.0036441,0.64348,7,2.2857
0.023622,0.62577,31,3.1613
0.016901,0.65112,14,2.5
0.024796,0.66131,16,2.125
0.022186,0.65556,16,2.5625
0.015571,0.64939,10,2.8
0.01788,0.64292,10,3
0.017947,0.63267,17,2
0.0079049,0.64144,8,1.875
0.009415,0.66074,8,2.25
0.01753,0.65973,9,3.1111
0.034583,0.67882,22,3.6818
0.034359,0.67835,23,2.8261
0.076576,0.60853,47,4.1277
0.050302,0.6331,37,3.3784
0.078617,0.6068,64,3.375
0.069371,0.6266,44,3.25
0.14138,0.50686,93,3.2258
0.15216,0.47865,100,3.53
0.03857,0.58879,38,2.2895
0.12898,0.50976,98,3.0612
0.016374,0.64866,12,2.8333
0.21583,0.37941,137,3.4599
0.063392,0.60739,50,3.24
0.052647,0.69178,32,3.1875
0.060511,0.65411,31,3.9677
0.079985,0.74479,35,3.8857
0.07374,0.76078,38,3.8158
0.028979,0.63838,32,3.4375
0.033242,0.60163,31,2.5806
0.010215,0.6433,15,3.6
0.026805,0.58726,44,2.9318
0.0014278,0.65001,4,2.5
0.0031705,0.65437,3,2.6667
0.19214,0.45189,148,3.0405
0.016284,0.64586,14,2
0.022374,0.65556,20,2.25
0.0079739,0.65454,7,2.2857
0.02283,0.64047,16,2.875
0.040611,0.61131,32,2.7812
0.029932,0.61015,27,2.5185
0.1226,0.61456,68,3.1618
0.033867,0.65147,24,2.75
0.025787,0.64989,24,2
0.0087354,0.62489,17,2.8235
0.20115,0.69802,90,4.0111
0.026748,0.61093,25,2.6
0.1108,0.64881,62,3.1935
0.053897,0.62236,28,3.1429
0.0096434,0.64522,8,3
0.084301,0.66027,40,3.225
0.052843,0.69302,25,3.24
0.090701,0.62952,46,3.1739
0.16998,0.42995,134,2.8358
0.10647,0.56699,73,3.0137
0.029351,0.60917,25,2.52
0.094386,0.75648,43,3.6512
0.053081,0.56096,41,3.2439
0.027669,0.62804,25,2.28
0.045613,0.6242,24,3.4583
0.022088,0.62152,23,2.3043
0.018493,0.6488,10,3.2
0.021022,0.6589,10,3.2
0.025285,0.62757,22,2.3182
0.032454,0.62899,15,3.2667
0.03916,0.59476,35,2.7714
0.051243,0.62806,39,3.0513
0.028099,0.61343,29,2.931
0.0037419,0.63934,12,3.75
0.073213,0.68031,41,3.6585
0.0079627,0.67126,4,4.25
0.102,0.74592,53,3.4906
0.026314,0.6667,16,3
0.060719,0.57717,44,3.4545
0.010599,0.65021,12,3.1667
0.031755,0.67146,18,3.1667
0.057529,0.6933,27,3.7407
0.024767,0.65989,16,2.875
0.0090597,0.65473,7,2.4286
0.12782,0.62982,66,3.8182
0.13018,0.64107,77,2.961
0.015286,0.66776,7,3.4286
0.016066,0.65162,12,2.25
0.013759,0.64098,8,3.125
0.034836,0.65758,22,2.7727
0.054097,0.62714,45,2.2444
0.0021619,0.64975,2,4
0.009055,0.64021,8,2.75
0.0083452,0.64143,8,2.625
0.0071237,0.64894,6,2.5
0.027945,0.63675,21,3.8571
0.014494,0.64668,11,3
0.031176,0.6211,21,3.2857
0.0069413,0.64506,10,1.7
0.014512,0.63535,13,2.2308
0.03439,0.60961,38,2.1316
0.048428,0.62392,37,2.4054
0.071763,0.64505,43,2.7209
0.020653,0.64428,12,2.5
0.036631,0.64752,23,3.087
0.0079433,0.63353,12,2.4167
0.030232,0.59747,29,2.6207
0.0027323,0.64698,3,2.6667
0.028408,0.64779,18,3.5
0.090864,0.67996,42,3.6905
0.019669,0.67436,13,3.4615
0.011498,0.66149,8,2.625
0.15818,0.7342,74,3.7703
0.0064992,0.64834,7,2.4286
0.040391,0.68337,19,3.7895
0.0050207,0.65917,4,3
0.010684,0.63628,18,2.8333
0.0047471,0.65197,4,3
0.038729,0.6807,18,3.0556
0.008579,0.65958,5,2.4
0.060503,0.66585,28,3.4286
0.072063,0.68173,41,2.8537
0.015612,0.66276,7,3.4286
0.031709,0.66545,15,2.8
0.048483,0.70368,22,3.2727
0.014914,0.64077,10,3.3
0.044012,0.6534,29,3.4138
0.028009,0.68294,13,3.6154
0.02704,0.65283,19,3.1053
0.095177,0.69449,47,3.2553
0.12151,0.64499,59,3.661
0.021438,0.64431,17,3
0.034336,0.7051,21,3.7619
0.0033257,0.66138,1,5
0.0088172,0.66892,3,3.6667
0.029767,0.70205,12,3.8333
0.0066853,0.66901,4,4.25
0.06005,0.73717,32,3.3438
0.00085036,0.63864,11,2.9091
0.015872,0.65681,13,2.6923
0.039069,0.62908,28,3.5714
0.0026866,0.65419,1,4
0.028462,0.66815,13,4
0.033325,0.60936,32,2.625
0.053319,0.66772,30,2.9667
0.06055,0.62933,38,3.3158
0.087589,0.65833,46,2.9783
0.060348,0.63645,29,3.4828
0.038756,0.62221,29,3.9655
0.0078141,0.65377,5,3.4
0.056849,0.63151,33,2.6061
0.027412,0.66268,17,2.2941
0.016765,0.65946,9,3.3333
0.073618,0.59228,44,4.0455
0.024098,0.63326,15,4
0.0029253,0.64828,3,3.6667
0.015311,0.64353,9,2.6667
0.0029555,0.65626,3,2
0.051692,0.67575,21,3.6667
0.014472,0.67065,9,3.3333
0.046427,0.70042,26,3.8462
0.010585,0.6283,9,3.1111
0.0090723,0.64093,7,2.1429
0.031149,0.6018,28,3.4286
0.041237,0.67149,19,3.4737
0.018436,0.67647,12,3.3333
0.0022793,0.65644,3,3.3333
0.00071557,0.6547,1,3
0.040981,0.61283,25,2.88
0.0048403,0.66187,4,4
0.017246,0.67068,11,3.5455
0.042658,0.63086,26,3.6154
0.017845,0.64257,13,2.9231
0.0034812,0.65077,5,1.6
0.026442,0.62845,25,2.68
0.0034894,0.64834,6,2.1667
0.010446,0.63458,14,1.8571
0.023788,0.66241,12,3.1667
0.020388,0.65856,11,3.5455
0.044177,0.6702,22,3.3182
0.029243,0.657,10,4.1
0.052606,0.67144,27,3.0741
0.013658,0.64412,14,3.1429
0.032107,0.6859,15,3.6667
0.0086069,0.64913,7,2.5714
0.014421,0.66001,8,3.25
0.00096373,0.64964,5,3.4
0.013279,0.64407,22,3.3636
0.0063612,0.65361,7,1.8571
0.026496,0.64325,19,2.4737
0.011151,0.65176,9,2.1111
0.014171,0.64835,10,2.5
0.014899,0.64527,10,2.5
0.017958,0.65177,13,2.3077
0.023253,0.65355,19,2.2105
0.016966,0.65931,10,2.5
0.023288,0.64747,18,2.2778
0.0064119,0.6612,3,3.3333
0.019886,0.64401,13,3.2308
0.071684,0.6263,44,2.7727
0.011025,0.64698,3,5
0.011718,0.63225,11,3.3636
0.00023451,0.64892,3,4.3333
0.02433,0.67987,13,3.3846
0.013642,0.66717,10,3.8
0.062773,0.69113,31,4.0645
0.015199,0.66542,11,3.2727
0.0045294,0.66016,3,3
0.06519,0.59801,45,3.5556
0.013623,0.66741,7,3.1429
0.034739,0.62333,23,2.8696
0.011715,0.67615,7,3.2857
0.0034601,0.66133,1,5
0.013885,0.64687,8,3.5
0.049524,0.73759,21,4.0476
0.035338,0.70904,18,3.6111
0.011352,0.67574,6,3
0.03174,0.66239,19,2.6842
0.024,0.64338,17,2.2941
0.037864,0.64006,20,2.85
0.025684,0.65271,15,2.5333
0.06299,0.60785,38,2.7368
0.026884,0.67138,12,3.4167
0.0099327,0.65173,6,2.8333
0.0069198,0.64855,6,2.1667
0.0095183,0.65608,9,2
0.029837,0.62208,30,1.9333
0.0079408,0.64271,6,3
0.07103,0.61542,39,2.8718
0.051384,0.63742,26,3.4615
0.03057,0.64683,20,2.9
0.068449,0.62831,30,3.3333
0.083353,0.64786,39,3.4872
0.043256,0.6463,25,2.68
0.0085246,0.65695,4,3.5
0.021588,0.64799,12,2.6667
0.022217,0.64601,14,2.6429
0.052786,0.6055,32,3.375
0.0090523,0.66321,8,2.375
0.072162,0.62281,48,2.4583
0.013563,0.64876,13,2.1538
0.019505,0.65912,18,1.8333
0.031111,0.64222,22,2.5
0.026835,0.65489,17,2.4706
0.0029415,0.64578,6,3.5
0.0011404,0.64474,8,2.375
0.000222,0.65228,1,4
0.00018421,0.65288,1,3
0.0011164,0.63742,6,3.5
0.0022252,0.64273,8,3.125
0.02402,0.6382,18,2.4444
0.046567,0.6412,26,3.6538
0.0044979,0.64927,6,2.6667
0.0053204,0.65534,5,2.6
0.00060345,0.63683,7,3.7143
0.054568,0.58477,36,2.9167
0.029386,0.62665,19,3.2105
0.0061377,0.65096,7,1.5714
0.0060608,0.65333,6,1.8333
0.037629,0.65135,19,3
0.019026,0.65338,12,2.8333
0.0039357,0.6519,6,1.5
0.0065,0.64021,8,4.125
0.010122,0.66014,9,3
0.007586,0.64213,7,2.4286
0.0047607,0.63928,11,1.8182
0.0052366,0.64957,8,2.25
0.0018569,0.65219,3,2
0.0024994,0.65472,4,1.75
0.025003,0.61356,23,2.5217
0.002021,0.64727,4,2
0.005752,0.64996,4,2.75
0.0085292,0.65465,4,3.25
0.017486,0.64974,8,3.625
0.02617,0.66109,15,2.9333
0.014986,0.64718,7,3.2857
0.013152,0.62543,19,3.0526
0.015878,0.67817,12,3.1667
0.067923,0.65938,33,3
0.016642,0.65976,10,3.3
0.028192,0.6839,10,3.9
0.0085845,0.64765,7,2.2857
0.010951,0.65776,7,2.7143
0.003124,0.64795,5,1.8
0.021399,0.6345,15,2.7333
0.010325,0.65177,11,1.7273
0.0070584,0.64504,4,2.5
0.010903,0.63045,8,2.5
0.02547,0.6006,19,3.4211
0.018088,0.60928,16,3.625
0.010372,0.63559,9,2.8889
0.0099966,0.62328,16,2.6875
0.013388,0.64549,13,3.1538
0.013767,0.63964,9,3.2222
0.023048,0.62298,19,2.6842
0.033812,0.6049,26,2.8462
0.028989,0.65512,15,3.1333
0.044417,0.6859,17,3.7059
0.0030905,0.64734,6,1.3333
0.011168,0.64798,7,3
0.0061313,0.64132,7,2.1429
0.0016996,0.65527,2,1.5
0.017536,0.6309,15,2.2
0.0013886,0.64964,3,1.6667
0.00023629,0.64573,3,5
0.0015286,0.64366,7,3.1429
0.002589,0.64531,7,2.5714
0.013287,0.63129,20,3.25
0.022898,0.66699,12,2.8333
0.018911,0.69101,9,3.6667
0.01274,0.67366,8,3
0.010694,0.6433,9,2.3333
0.012523,0.65326,5,3.8
0.0032059,0.64289,5,3.4
0.028844,0.64515,18,2.3333
0.0014144,0.65468,2,2.5
0.0089891,0.65535,7,2.4286
0.0012253,0.65689,2,3
0.00085188,0.65614,2,1.5
0.00072742,0.65589,2,1
0.00019531,0.65493,1,1
0.00044423,0.65543,1,3
0.024181,0.65334,16,2.5
0.0088212,0.64534,7,3
0.012572,0.63127,14,3.1429
0.016153,0.63386,11,2.4545
0.026882,0.61183,23,3.1304
0.0043438,0.64918,7,2.7143
0.0034516,0.65519,4,2
0.00091283,0.65378,3,1.3333
0.0026686,0.6535,4,1.75
0.00015333,0.65339,1,1
0.0020072,0.65311,2,2.5
0.0056542,0.64775,6,2.3333
0.00099655,0.64888,3,2.6667
0.0056611,0.65017,5,2.4
0.00015333,0.65339,1,1
0.0060543,0.6408,6,3.3333
0.0021568,0.64621,3,2.3333
0.0060137,0.65151,6,3.1667
0.00015333,0.65339,1,1
0.0041568,0.65692,4,2.5
0.003678,0.65577,4,3
0.0015098,0.65663,2,2
0.0074948,0.65576,5,2.8
0.00068544,0.65436,2,1
0.012838,0.64322,11,2.6364
0.0080596,0.64449,10,1.8
0.012309,0.64327,9,2.3333
0.0026935,0.65198,4,2.25
0.00015333,0.65339,1,1
0.00015333,0.65339,1,1
0.00015333,0.65339,1,1
0.00033613,0.65274,2,2.5
0.00015333,0.65339,1,1
0.0034254,0.64447,5,3.2
0.00097079,0.65194,2,2
0.0042043,0.65769,5,2.4
0.0016325,0.65144,4,2.75
0.00015333,0.65339,1,1
0.00015333,0.65339,1,1
0.0012941,0.65308,2,1.5
0.0033662,0.65405,3,2
0.00015333,0.65339,1,1
0.0042303,0.65936,5,2.6
0.00024016,0.65298,2,1
0.0027851,0.65219,6,2.6667
0.0050961,0.65042,3,2.6667
0.00041669,0.65106,3,2.6667
0.0017787,0.65339,2,3
0.00068544,0.65436,2,1
0.0011277,0.65578,2,1.5
0.0038427,0.65759,3,2.6667
0.0006722,0.65038,2,2
0.00015333,0.65339,1,1
0.00015333,0.65339,1,1
0.00047989,0.65182,2,1.5
0.00015333,0.65339,1,1
0.005207,0.65669,5,4.2
0.006541,0.64757,6,3.6667
0.0049258,0.65804,4,2.75
0.0025267,0.64853,3,2.6667
0.0012501,0.65261,2,1.5
0.0028028,0.65567,3,3
0.00015333,0.65339,1,1
0.00030783,0.65251,2,1
0.011664,0.63762,10,3.6
0.0069521,0.64568,7,2.1429
0.0042492,0.64026,4,3.25
0.0038409,0.65011,5,2.2
0.0064795,0.64662,7,2.8571
0.0029455,0.64819,6,2.3333
0.0053298,0.64716,8,3.25
0.00095243,0.64959,4,2
0.0029183,0.64601,6,2
0.00063559,0.6509,3,1.6667
0.0031158,0.64404,5,2.8
0.0034607,0.64798,6,2.6667
0.0011677,0.65187,3,2
0.0040025,0.64848,6,3.3333
0.0021791,0.64898,3,3
0.00010348,0.64993,2,2
0.00061898,0.64975,3,2
0.0019323,0.65109,5,2
0.0041792,0.64705,9,2.1111
0.00076803,0.64662,7,2.4286
0.0020601,0.64763,6,2.3333
0.0075195,0.66091,5,4.2
0.0096934,0.67427,5,3.2
0.0057486,0.65754,2,4.5
0.0015851,0.64596,7,2.4286
0.018251,0.65986,10,3.1
0.032091,0.66452,18,3.2222
0.0056226,0.65894,4,2.75
0.0051794,0.65607,4,2.75
0.02314,0.672,13,3.2308
0.0043691,0.63786,6,3.3333
0.0070979,0.6532,5,3.4
0.025435,0.64014,20,2.25
0.0019646,0.65658,3,1
0.0098872,0.65202,7,2.8571
0.0078024,0.65113,4,2.75
0.044495,0.68769,28,2.5714
0.006524,0.65825,6,1.6667
0.010558,0.64912,8,2.75
0.00040233,0.65422,1,2
0.012123,0.64522,9,2.4444
0.007179,0.6501,5,2.4
0.00053483,0.65169,2,2.5
0.0057203,0.65567,3,3.6667
0.020077,0.6482,16,2.125
0.0013432,0.65393,3,1.3333
0.026036,0.67498,11,3.1818
0.0042,0.65803,4,2.25
0.0063479,0.65249,4,2.25
0.0040809,0.65266,3,2.3333
0.018488,0.65473,10,2.6
0.017169,0.64628,8,3.25
0.008733,0.66483,5,2.8
0.027571,0.65632,12,3.6667
0.0014666,0.65399,4,2.75
0.0010269,0.65129,3,2.3333
0.0021504,0.6479,5,3.4
0.00066748,0.65454,3,1
0.00018837,0.65252,2,2
0.0033386,0.64489,10,2.5
0.011562,0.65425,7,2.5714
0.0028642,0.6545,2,2.5
0.0092456,0.65097,9,2
0.0089949,0.65452,5,2.4
0.016582,0.65064,8,3
0.010954,0.64399,5,3
0.01155,0.65052,7,2.5714
0.0047858,0.65212,5,2.4
0.0081875,0.65188,4,3.75
0.028524,0.6738,19,2.4737
0.0073231,0.66476,4,2.75
0.0299,0.64532,15,3.1333
0.0022717,0.659,1,3
0.0068293,0.66131,3,3.6667
0.017986,0.69139,8,4.625
0.0053546,0.66354,2,4
0.031483,0.71911,15,3.8667
0.0030053,0.66044,1,4
0.0015381,0.65756,1,2
0.011023,0.67276,6,3
0.0033541,0.66106,2,2.5
0.01765,0.68442,7,3.7143
0.0022717,0.659,1,3
0.0030053,0.66044,1,4
0.012306,0.65933,7,3.5714
0.0022717,0.659,1,3
0.0015381,0.65756,1,2
0.010073,0.66031,7,3.7143
0.0038656,0.6591,3,3.3333
0.0027624,0.65633,3,2.3333
0.0022863,0.65645,3,2.3333
0.0099815,0.65802,6,4
0.0060148,0.65378,2,5
0.010706,0.64537,6,3.3333
0.020557,0.63986,12,3.1667
0.0065955,0.65526,5,2.6
0.011522,0.64129,9,2.4444
0.0016411,0.65441,2,3.5
0.017831,0.66122,9,3.5556
0.0094531,0.66417,6,2.8333
0.0096638,0.66288,8,2.875
0.0013822,0.65446,1,2
0.0013323,0.651,2,2.5
0.032622,0.6512,18,2.7222
0.01428,0.67049,8,2.75
0.013025,0.65871,11,2.2727
0.0038616,0.65251,2,3
0.0039447,0.65088,1,4
0.018755,0.63578,12,3.4167
0.0041868,0.65387,3,2.6667
0.0063672,0.6551,4,3.5
0.00053432,0.65461,1,1
0.0049672,0.65865,5,2
0.005155,0.65728,4,3
0.0065004,0.65345,5,2.2
0.0060284,0.65702,3,3
0.0027723,0.65375,2,3
0.0019247,0.6544,1,4
0.00053432,0.65461,1,1
0.00053432,0.65461,1,1
0.010647,0.65419,5,3.6
0.0075501,0.64573,5,2.8
0.0042943,0.659,2,3
0.0019247,0.6544,1,4
0.0062424,0.66147,4,3.25
0.0035517,0.65454,2,5
0.0056024,0.65091,5,3
0.0017769,0.6534,2,1.5
0.014111,0.64752,10,3.1
0.0045179,0.65235,3,3.6667
0.0024615,0.65147,1,4
0.0057665,0.66174,3,3.6667
0.0018277,0.65625,1,3
0.0043543,0.65262,3,2.3333
0.0041006,0.6539,5,1.6
0.0029331,0.65328,1,3
0.0075514,0.65288,5,3.2
0.011355,0.67646,6,4
0.0024655,0.65159,3,2
0.0087233,0.63896,7,3.1429
0.0038076,0.65933,1,4
0.0089531,0.65734,3,4
0.0072652,0.6476,5,2.8
0.026218,0.6568,12,3
0.0026151,0.65231,2,3
0.0011809,0.65145,1,3
0.0085066,0.65377,4,3
0.0096389,0.6532,7,2.4286
0.0032013,0.6572,2,3
0.012848,0.67303,8,4.25
0.0028867,0.6548,1,4
0.0033169,0.6587,1,4
0.0028292,0.64775,7,2.4286
0.0017055,0.65196,3,2.3333
0.0058941,0.66027,5,2.8
0.0059098,0.66525,5,2
0.015602,0.64689,7,3.2857
0.0017769,0.65567,2,2
0.0013184,0.6561,1,4
0.0022298,0.64862,6,2.1667
0.0040803,0.66166,4,3
0.0022331,0.66035,1,5
0.0050508,0.65601,4,4
0.0037707,0.6528,3,3
0.003929,0.65237,4,1.75
0.016603,0.65274,10,2.8
0.0036052,0.65813,2,3.5
0.0036832,0.65544,2,3
0.0016565,0.65334,1,3
0.0032245,0.65301,3,2.6667
0.0040053,0.65858,4,2.5
0.00060296,0.65564,1,1
0.0031533,0.65797,2,3
0.00060296,0.65564,1,1
0.0016852,0.65593,2,1.5
0.0038418,0.65685,2,3
0.0021166,0.65667,2,2
0.0042827,0.65419,3,2
0.0072138,0.65953,4,2.75
0.0032815,0.65883,2,3
0.0061731,0.65724,5,2.6
0.0013458,0.65652,2,2
0.00060296,0.65564,1,1
0.0078166,0.67404,7,3.5714
0.00060296,0.65564,1,1
0.0054143,0.65517,4,2.75
0.00060296,0.65564,1,1
0.00060296,0.65564,1,1
0.00060296,0.65564,1,1
0.00060296,0.65564,1,1
0.00060296,0.65564,1,1
0.00060296,0.65564,1,1
0.00060296,0.65564,1,1
0.00060296,0.65564,1,1
0.00060296,0.65564,1,1
0.00060296,0.65564,1,1
0.00060296,0.65564,1,1
0.00060296,0.65564,1,1
0.0028711,0.66283,2,2.5
0.00060296,0.65564,1,1
0.00060296,0.65564,1,1
0.00060296,0.65564,1,1
0.00060296,0.65564,1,1
0.0022263,0.65607,2,2
0.00060296,0.65564,1,1
0.00060296,0.65564,1,1
0.00060296,0.65564,1,1
0.00060296,0.65564,1,1
0.00060296,0.65564,1,1
0.00060296,0.65564,1,1
0.0027674,0.65622,2,2.5
0.00060296,0.65564,1,1
0.00060296,0.65564,1,1
0.00055311,0.65219,2,2
0.0050646,0.64866,4,3
0.00055311,0.65219,2,2
0.0032259,0.65138,6,3.1667
0.0043689,0.65078,5,3.6
0.0020195,0.65946,1,4
0.0074498,0.64697,2,4.5
0.00096548,0.65338,1,2
0.00096548,0.65338,1,2
0.0067159,0.6546,5,3
0.0029183,0.63928,6,2.5
0.0034146,0.65973,1,5
0.0049239,0.65022,4,3.75
0.00026402,0.65421,1,1
0.0021433,0.65296,3,3.3333
0.0030924,0.65701,1,3
0.0020891,0.65604,1,4
0.0040709,0.64987,4,3
0.00040525,0.6527,1,2
0.003276,0.65024,3,3.3333
0.0036095,0.65272,4,2.25
0.0015071,0.64822,3,1.6667
0.00081756,0.64824,3,2
0.00064399,0.64676,2,3
0.00033206,0.64644,4,3.75
0.00015232,0.65044,1,4
0.001026,0.65528,1,3
0.014974,0.64805,10,3
0.0019532,0.65271,1,4
0,0.65233,2,3
0.00030239,0.65471,1,1
0.0016903,0.65642,1,3
0.0083992,0.6332,9,3.2222
0.00091657,0.65368,1,1
0.0018904,0.65586,3,2.3333
0.0056789,0.6529,3,4
0.00013083,0.65303,1,2
0.00019081,0.65138,1,4
0.00075797,0.6547,1,1
0.0022767,0.65724,1,3
0.0044013,0.65926,4,3.75
0.0046645,0.65493,2,4
0.0016942,0.65511,1,3
0.0047077,0.65859,2,3.5
0.0016942,0.65511,1,3
0.0016942,0.65511,1,3
0.0011531,0.65496,1,2
0.0016942,0.65511,1,3
0.0022353,0.65525,1,4
0.0016942,0.65511,1,3
0.0016942,0.65511,1,3
0.0058022,0.66404,3,4.3333
0.0016942,0.65511,1,3
0.0016942,0.65511,1,3
0.0038002,0.65868,2,4.5
0.0054387,0.64922,4,3.75
0.00057873,0.65252,2,1.5
0.0022353,0.65525,1,4
0.0019419,0.65456,2,3.5
0.0016942,0.65511,1,3
0.0011531,0.65496,1,2
0.0016942,0.65511,1,3
0.0022353,0.65525,1,4
0.0022353,0.65525,1,4
0.00049417,0.65279,3,1.6667
0.00025677,0.65431,1,5
0.00032095,0.65406,1,1
0.0016118,0.6531,1,2
0.0030323,0.65608,2,3.5
0.002013,0.65352,1,3
0.0013053,0.64584,3,3
0.00089498,0.65579,1,1
0.0017191,0.65691,1,2
0.00056901,0.65466,1,1
4.5747e-05,0.64994,2,2.5
3.762e-05,0.65237,1,2
0.0057253,0.64712,4,3.25
3.762e-05,0.65237,1,2
3.762e-05,0.65237,1,2
2.1004e-05,0.65122,1,3
2.1004e-05,0.65122,1,3
3.762e-05,0.65237,1,2
2.1004e-05,0.65122,1,3
0.00010073,0.65411,1,1
0.0017842,0.65464,2,2
0.0012348,0.65586,1,3
0.0027474,0.6605,1,4
0.0011489,0.65144,1,3
0.00078955,0.65252,1,2
0.0016724,0.65373,1,3
0.00010297,0.65377,1,1
0.00016719,0.65195,1,3
0.00013508,0.65286,1,2
0.0024551,0.65503,1,3
0.0023083,0.65549,1,3
